"sf__Id","sf__Created",ChargeMap__c,Product__c,Name,LineDescription__c,BillingSchedule__c,Term__c,Quantity__c,Sales_unit_price__c,Amount__c,Status__c,StartDateRevRec__c,End_date__c,CurrencyIsoCode,PO_Required__c,Activated__c
"a01ci00000UvFYyAAN","true","a02ci00000Mob7lAAB","01tIV00000GyVCbYAN","Redevance d'utilisation - Tranche 25 ETP - Cas 2","","Annual","In advance","1.0","1000.0","1000.0","Backlog","2026-01-01","2026-12-31","EUR","false","false"
"a01ci00000UvFYzAAN","true","a02ci00000Mob7mAAB","01tIV00000GOfP1YAL","Redevance d'utilisation - Tranche 25 ETP - Cas 1","","Annual","In advance","1.0","1000.0","1000.0","Backlog","2026-01-01","2026-12-31","EUR","false","false"
"a01ci00000UvFZ0AAN","true","a02ci00000Mob7nAAB","01tIV00000GyVCbYAN","Redevance d'utilisation - Tranche 25 ETP - Cas 2","","Annual","In advance","1.0","3000.0","3000.0","Backlog","2026-01-01","2026-12-31","EUR","false","false"
"a01ci00000UvFZ1AAN","true","a02ci00000Mob7oAAB","01tIV00000GOfP1YAL","Redevance d'utilisation - Tranche 25 ETP - Cas 1","","Annual","In advance","1.0","500.0","500.0","Backlog","2026-01-01","2026-12-31","EUR","false","false"
"a01ci00000UvFZ2AAN","true","a02ci00000Mob7pAAB","01tIV00000GOfP1YAL","Redevance d'utilisation - Tranche 25 ETP - Cas 1","","Annual","In advance","1.0","1000.0","1000.0","Backlog","2026-01-01","2026-12-31","EUR","false","false"
"a01ci00000UvFZ3AAN","true","a02ci00000Mob7qAAB","01tIV00000GOfP1YAL","Redevance d'utilisation - Tranche 25 ETP - Cas 1","","Annual","In advance","1.0","500.0","500.0","Backlog","2026-01-01","2026-12-31","EUR","false","false"
"a01ci00000UvFZ4AAN","true","a02ci00000Mob7rAAB","01tIV00000GyVCbYAN","Redevance d'utilisation - Tranche 25 ETP - Cas 2","","Annual","In advance","1.0","2000.0","2000.0","Backlog","2026-01-01","2026-12-31","EUR","false","false"
"a01ci00000UvFZ5AAN","true","a02ci00000Mob7sAAB","01tIV00000GOfP1YAL","Redevance d'utilisation - Tranche 25 ETP - Cas 1","","Annual","In advance","1.0","2500.0","2500.0","Backlog","2026-01-01","2026-12-31","EUR","false","false"
"a01ci00000UvFZ6AAN","true","a02ci00000Mob7tAAB","01tIV00000GOfP1YAL","Redevance d'utilisation - Tranche 25 ETP - Cas 1","","Annual","In advance","1.0","500.0","500.0","Backlog","2026-01-01","2026-12-31","EUR","false","false"
"a01ci00000UvFZ7AAN","true","a02ci00000Mob7uAAB","01tIV00000GyVCbYAN","Redevance d'utilisation - Tranche 25 ETP - Cas 2","","Annual","In advance","1.0","3000.0","3000.0","Backlog","2026-01-01","2026-12-31","EUR","false","false"
"a01ci00000UvFZ8AAN","true","a02ci00000Mob7vAAB","01tIV00000GOfP1YAL","Redevance d'utilisation - Tranche 25 ETP - Cas 1","","Annual","In advance","1.0","1000.0","1000.0","Backlog","2026-01-01","2026-12-31","EUR","false","false"
"a01ci00000UvFZ9AAN","true","a02ci00000Mob7wAAB","01tIV00000GyVCbYAN","Redevance d'utilisation - Tranche 25 ETP - Cas 2","","Annual","In advance","1.0","9000.0","9000.0","Backlog","2026-01-01","2026-12-31","EUR","false","false"
"a01ci00000UvFZAAA3","true","a02ci00000Mob7xAAB","01tIV00000GOfP1YAL","Redevance d'utilisation - Tranche 25 ETP - Cas 1","","Annual","In advance","1.0","1500.0","1500.0","Backlog","2026-01-01","2026-12-31","EUR","false","false"
"a01ci00000UvFZBAA3","true","a02ci00000Mob7yAAB","01tIV00000GOfP1YAL","Redevance d'utilisation - Tranche 25 ETP - Cas 1","","Annual","In advance","1.0","1000.0","1000.0","Backlog","2026-01-01","2026-12-31","EUR","false","false"
"a01ci00000UvFZCAA3","true","a02ci00000Mob7zAAB","01tIV00000GyVCbYAN","Redevance d'utilisation - Tranche 25 ETP - Cas 2","","Annual","In advance","1.0","9000.0","9000.0","Backlog","2026-01-01","2026-12-31","EUR","false","false"
"a01ci00000UvFZDAA3","true","a02ci00000Mob80AAB","01tIV00000GOfP1YAL","Redevance d'utilisation - Tranche 25 ETP - Cas 1","","Annual","In advance","1.0","1000.0","1000.0","Backlog","2026-01-01","2026-12-31","EUR","false","false"
"a01ci00000UvFZEAA3","true","a02ci00000Mob81AAB","01tIV00000GyVCbYAN","Redevance d'utilisation - Tranche 25 ETP - Cas 2","","Annual","In advance","1.0","3000.0","3000.0","Backlog","2026-01-01","2026-12-31","EUR","false","false"
"a01ci00000UvFZFAA3","true","a02ci00000Mob82AAB","01tIV00000GOfP6YAL","Redevance d'utilisation - ETP EU","","Annual","In advance","1.0","2000.0","2000.0","Backlog","2026-01-01","2026-12-31","EUR","false","false"
"a01ci00000UvFZGAA3","true","a02ci00000Mob83AAB","01tIV00000GOfP1YAL","Redevance d'utilisation - Tranche 25 ETP - Cas 1","","Annual","In advance","1.0","500.0","500.0","Backlog","2026-01-01","2026-12-31","EUR","false","false"
"a01ci00000UvFZHAA3","true","a02ci00000Mob84AAB","01tIV00000GOfP1YAL","Redevance d'utilisation - Tranche 25 ETP - Cas 1","","Annual","In advance","1.0","1000.0","1000.0","Backlog","2026-01-01","2026-12-31","EUR","false","false"
"a01ci00000UvFZIAA3","true","a02ci00000Mob85AAB","01tIV00000GOfP1YAL","Redevance d'utilisation - Tranche 25 ETP - Cas 1","","Annual","In advance","1.0","500.0","500.0","Backlog","2026-01-01","2026-12-31","EUR","false","false"
"a01ci00000UvFZJAA3","true","a02ci00000Mob86AAB","01tIV00000GOfP1YAL","Redevance d'utilisation - Tranche 25 ETP - Cas 1","","Annual","In advance","1.0","500.0","500.0","Backlog","2026-01-01","2026-12-31","EUR","false","false"
"a01ci00000UvFZKAA3","true","a02ci00000Mob87AAB","01tIV00000GOfP1YAL","Redevance d'utilisation - Tranche 25 ETP - Cas 1","","Annual","In advance","1.0","500.0","500.0","Backlog","2026-01-01","2026-12-31","EUR","false","false"
"a01ci00000UvFZLAA3","true","a02ci00000Mob88AAB","01tIV00000GOfP1YAL","Redevance d'utilisation - Tranche 25 ETP - Cas 1","","Annual","In advance","1.0","500.0","500.0","Backlog","2026-01-01","2026-12-31","EUR","false","false"
"a01ci00000UvFZMAA3","true","a02ci00000Mob89AAB","01tIV00000GOfP1YAL","Redevance d'utilisation - Tranche 25 ETP - Cas 1","BERRY BEAUTE MAROLLES","Annual","In advance","1.0","1500.0","1500.0","Backlog","2026-01-01","2026-12-31","EUR","false","false"
"a01ci00000UvFZNAA3","true","a02ci00000Mob89AAB","01tIV00000GOfP1YAL","Redevance d'utilisation - Tranche 25 ETP - Cas 1","BERRY BRAMLAGE","Annual","In advance","1.0","1000.0","1000.0","Backlog","2026-01-01","2026-12-31","EUR","false","false"
"a01ci00000UvFZOAA3","true","a02ci00000Mob8AAAR","01tIV00000GOfP1YAL","Redevance d'utilisation - Tranche 25 ETP - Cas 1","","Annual","In advance","1.0","2000.0","2000.0","Backlog","2026-01-01","2026-12-31","EUR","false","false"
"a01ci00000UvFZPAA3","true","a02ci00000Mob8BAAR","01tIV00000GyVCbYAN","Redevance d'utilisation - Tranche 25 ETP - Cas 2","","Annual","In advance","1.0","1000.0","1000.0","Backlog","2026-01-01","2026-12-31","EUR","false","false"
"a01ci00000UvFZQAA3","true","a02ci00000Mob8CAAR","01tIV00000GOfP1YAL","Redevance d'utilisation - Tranche 25 ETP - Cas 1","","Annual","In advance","1.0","500.0","500.0","Backlog","2026-01-01","2026-12-31","EUR","false","false"
"a01ci00000UvFZRAA3","true","a02ci00000Mob8DAAR","01tIV00000GyVCbYAN","Redevance d'utilisation - Tranche 25 ETP - Cas 2","","Annual","In advance","1.0","2000.0","2000.0","Backlog","2026-01-01","2026-12-31","EUR","false","false"
"a01ci00000UvFZSAA3","true","a02ci00000Mob8EAAR","01tIV00000GOfP1YAL","Redevance d'utilisation - Tranche 25 ETP - Cas 1","","Annual","In advance","1.0","2000.0","2000.0","Backlog","2026-01-01","2026-12-31","EUR","false","false"
"a01ci00000UvFZTAA3","true","a02ci00000Mob8FAAR","01tIV00000GOfP1YAL","Redevance d'utilisation - Tranche 25 ETP - Cas 1","","Annual","In advance","1.0","500.0","500.0","Backlog","2026-01-01","2026-12-31","EUR","false","false"
"a01ci00000UvFZUAA3","true","a02ci00000Mob8GAAR","01tIV00000GyVCbYAN","Redevance d'utilisation - Tranche 25 ETP - Cas 2","","Annual","In advance","1.0","3000.0","3000.0","Backlog","2026-01-01","2026-12-31","EUR","false","false"
"a01ci00000UvFZVAA3","true","a02ci00000Mob8HAAR","01tIV00000GyVCbYAN","Redevance d'utilisation - Tranche 25 ETP - Cas 2","","Annual","In advance","1.0","1000.0","1000.0","Backlog","2026-01-01","2026-12-31","EUR","false","false"
"a01ci00000UvFZWAA3","true","a02ci00000Mob8IAAR","01tIV00000GyVCbYAN","Redevance d'utilisation - Tranche 25 ETP - Cas 2","","Annual","In advance","1.0","7000.0","7000.0","Backlog","2026-01-01","2026-12-31","EUR","false","false"
"a01ci00000UvFZXAA3","true","a02ci00000Mob8JAAR","01tIV00000GOfP6YAL","Redevance d'utilisation - ETP EU","","Annual","In advance","1.0","1080.0","1080.0","Backlog","2026-01-01","2026-12-31","EUR","false","false"
"a01ci00000UvFZYAA3","true","a02ci00000Mob8KAAR","01tIV00000GyVCbYAN","Redevance d'utilisation - Tranche 25 ETP - Cas 2","","Annual","In advance","1.0","2000.0","2000.0","Backlog","2026-01-01","2026-12-31","EUR","false","false"
"a01ci00000UvFZZAA3","true","a02ci00000Mob8LAAR","01tIV00000GOfP6YAL","Redevance d'utilisation - ETP EU","","Annual","In advance","1.0","1200.0","1200.0","Backlog","2026-01-01","2026-12-31","EUR","false","false"
"a01ci00000UvFZaAAN","true","a02ci00000Mob8MAAR","01tIV00000GyVCbYAN","Redevance d'utilisation - Tranche 25 ETP - Cas 2","","Annual","In advance","1.0","2000.0","2000.0","Backlog","2026-01-01","2026-12-31","EUR","false","false"
"a01ci00000UvFZbAAN","true","a02ci00000Mob8NAAR","01tIV00000GOfP1YAL","Redevance d'utilisation - Tranche 25 ETP - Cas 1","","Annual","In advance","1.0","2000.0","2000.0","Backlog","2026-01-01","2026-12-31","EUR","false","false"
"a01ci00000UvFZcAAN","true","a02ci00000Mob8OAAR","01tIV00000GOfP1YAL","Redevance d'utilisation - Tranche 25 ETP - Cas 1","","Annual","In advance","1.0","500.0","500.0","Backlog","2026-01-01","2026-12-31","EUR","false","false"
"a01ci00000UvFZdAAN","true","a02ci00000Mob8PAAR","01tIV00000GyVCbYAN","Redevance d'utilisation - Tranche 25 ETP - Cas 2","","Annual","In advance","1.0","1000.0","1000.0","Backlog","2026-01-01","2026-12-31","EUR","false","false"
"a01ci00000UvFZeAAN","true","a02ci00000Mob8QAAR","01tIV00000GyVCbYAN","Redevance d'utilisation - Tranche 25 ETP - Cas 2","","Annual","In advance","1.0","2000.0","2000.0","Backlog","2026-01-01","2026-12-31","EUR","false","false"
"a01ci00000UvFZfAAN","true","a02ci00000Mob8RAAR","01tIV00000GOfP1YAL","Redevance d'utilisation - Tranche 25 ETP - Cas 1","","Annual","In advance","1.0","500.0","500.0","Backlog","2026-01-01","2026-12-31","EUR","false","false"
"a01ci00000UvFZgAAN","true","a02ci00000Mob8SAAR","01tIV00000GOfP1YAL","Redevance d'utilisation - Tranche 25 ETP - Cas 1","","Annual","In advance","1.0","500.0","500.0","Backlog","2026-01-01","2026-12-31","EUR","false","false"
"a01ci00000UvFZhAAN","true","a02ci00000Mob8TAAR","01tIV00000GOfP1YAL","Redevance d'utilisation - Tranche 25 ETP - Cas 1","","Annual","In advance","1.0","500.0","500.0","Backlog","2026-01-01","2026-12-31","EUR","false","false"
"a01ci00000UvFZiAAN","true","a02ci00000Mob8UAAR","01tIV00000GyVCbYAN","Redevance d'utilisation - Tranche 25 ETP - Cas 2","","Annual","In advance","1.0","2000.0","2000.0","Backlog","2026-01-01","2026-12-31","EUR","false","false"
"a01ci00000UvFZjAAN","true","a02ci00000Mob8VAAR","01tIV00000GyVCbYAN","Redevance d'utilisation - Tranche 25 ETP - Cas 2","","Annual","In advance","1.0","2000.0","2000.0","Backlog","2026-01-01","2026-12-31","EUR","false","false"
"a01ci00000UvFZkAAN","true","a02ci00000Mob8WAAR","01tIV00000GyVCbYAN","Redevance d'utilisation - Tranche 25 ETP - Cas 2","","Annual","In advance","1.0","1000.0","1000.0","Backlog","2026-01-01","2026-12-31","EUR","false","false"
"a01ci00000UvFZlAAN","true","a02ci00000Mob8XAAR","01tIV00000GOfP1YAL","Redevance d'utilisation - Tranche 25 ETP - Cas 1","","Annual","In advance","1.0","500.0","500.0","Backlog","2026-01-01","2026-12-31","EUR","false","false"
"a01ci00000UvFZmAAN","true","a02ci00000Mob8YAAR","01tIV00000GyVCbYAN","Redevance d'utilisation - Tranche 25 ETP - Cas 2","","Annual","In advance","1.0","1000.0","1000.0","Backlog","2026-01-01","2026-12-31","EUR","false","false"
"a01ci00000UvFZnAAN","true","a02ci00000Mob8ZAAR","01tIV00000GOfP1YAL","Redevance d'utilisation - Tranche 25 ETP - Cas 1","","Annual","In advance","1.0","1500.0","1500.0","Backlog","2026-01-01","2026-12-31","EUR","false","false"
"a01ci00000UvFZoAAN","true","a02ci00000Mob8aAAB","01tIV00000GyVCbYAN","Redevance d'utilisation - Tranche 25 ETP - Cas 2","","Annual","In advance","1.0","4000.0","4000.0","Backlog","2026-01-01","2026-12-31","EUR","false","false"
"a01ci00000UvFZpAAN","true","a02ci00000Mob8bAAB","01tIV00000GyVCbYAN","Redevance d'utilisation - Tranche 25 ETP - Cas 2","","Annual","In advance","1.0","1000.0","1000.0","Backlog","2026-01-01","2026-12-31","EUR","false","false"
"a01ci00000UvFZqAAN","true","a02ci00000Mob8cAAB","01tIV00000GOfP1YAL","Redevance d'utilisation - Tranche 25 ETP - Cas 1","","Annual","In advance","1.0","500.0","500.0","Backlog","2026-01-01","2026-12-31","EUR","false","false"
"a01ci00000UvFZrAAN","true","a02ci00000Mob8dAAB","01tIV00000GOfP1YAL","Redevance d'utilisation - Tranche 25 ETP - Cas 1","","Annual","In advance","1.0","500.0","500.0","Backlog","2026-01-01","2026-12-31","EUR","false","false"
"a01ci00000UvFZsAAN","true","a02ci00000Mob8eAAB","01tIV00000GOfP1YAL","Redevance d'utilisation - Tranche 25 ETP - Cas 1","","Annual","In advance","1.0","1000.0","1000.0","Backlog","2026-01-01","2026-12-31","EUR","false","false"
"a01ci00000UvFZtAAN","true","a02ci00000Mob8fAAB","01tIV00000GOfP1YAL","Redevance d'utilisation - Tranche 25 ETP - Cas 1","","Annual","In advance","1.0","1000.0","1000.0","Backlog","2026-01-01","2026-12-31","EUR","false","false"
"a01ci00000UvFZuAAN","true","a02ci00000Mob8fAAB","01tIV00000GOfP1YAL","Redevance d'utilisation - Tranche 25 ETP - Cas 1","","Annual","In advance","1.0","1000.0","1000.0","Backlog","2026-01-01","2026-12-31","EUR","false","false"
"a01ci00000UvFZvAAN","true","a02ci00000Mob8gAAB","01tIV00000GOfP1YAL","Redevance d'utilisation - Tranche 25 ETP - Cas 1","","Annual","In advance","1.0","1000.0","1000.0","Backlog","2026-01-01","2026-12-31","EUR","false","false"
"a01ci00000UvFZwAAN","true","a02ci00000Mob8hAAB","01tIV00000GyVCbYAN","Redevance d'utilisation - Tranche 25 ETP - Cas 2","","Annual","In advance","1.0","4000.0","4000.0","Backlog","2026-01-01","2026-12-31","EUR","false","false"
"a01ci00000UvFZxAAN","true","a02ci00000Mob8iAAB","01tIV00000GOfP1YAL","Redevance d'utilisation - Tranche 25 ETP - Cas 1","","Annual","In advance","1.0","1000.0","1000.0","Backlog","2026-01-01","2026-12-31","EUR","false","false"
"a01ci00000UvFZyAAN","true","a02ci00000Mob8jAAB","01tIV00000GOfP1YAL","Redevance d'utilisation - Tranche 25 ETP - Cas 1","","Annual","In advance","1.0","500.0","500.0","Backlog","2026-01-01","2026-12-31","EUR","false","false"
"a01ci00000UvFZzAAN","true","a02ci00000Mob8kAAB","01tIV00000GyVCbYAN","Redevance d'utilisation - Tranche 25 ETP - Cas 2","","Annual","In advance","1.0","4000.0","4000.0","Backlog","2026-01-01","2026-12-31","EUR","false","false"
"a01ci00000UvFa0AAF","true","a02ci00000Mob8lAAB","01tIV00000GOfP1YAL","Redevance d'utilisation - Tranche 25 ETP - Cas 1","","Annual","In advance","1.0","1000.0","1000.0","Backlog","2026-01-01","2026-12-31","EUR","false","false"
"a01ci00000UvFa1AAF","true","a02ci00000Mob8mAAB","01tIV00000GOfP1YAL","Redevance d'utilisation - Tranche 25 ETP - Cas 1","","Annual","In advance","1.0","1000.0","1000.0","Backlog","2026-01-01","2026-12-31","EUR","false","false"
"a01ci00000UvFa2AAF","true","a02ci00000Mob8nAAB","01tIV00000GOfP1YAL","Redevance d'utilisation - Tranche 25 ETP - Cas 1","","Annual","In advance","1.0","500.0","500.0","Backlog","2026-01-01","2026-12-31","EUR","false","false"
"a01ci00000UvFa3AAF","true","a02ci00000Mob8oAAB","01tIV00000GyVCbYAN","Redevance d'utilisation - Tranche 25 ETP - Cas 2","","Annual","In advance","1.0","3000.0","3000.0","Backlog","2026-01-01","2026-12-31","EUR","false","false"
"a01ci00000UvFa4AAF","true","a02ci00000Mob8pAAB","01tIV00000GyVCbYAN","Redevance d'utilisation - Tranche 25 ETP - Cas 2","","Annual","In advance","1.0","4000.0","4000.0","Backlog","2026-01-01","2026-12-31","EUR","false","false"
"a01ci00000UvFa5AAF","true","a02ci00000Mob8qAAB","01tIV00000GOfP1YAL","Redevance d'utilisation - Tranche 25 ETP - Cas 1","","Annual","In advance","1.0","500.0","500.0","Backlog","2026-01-01","2026-12-31","EUR","false","false"
"a01ci00000UvFa6AAF","true","a02ci00000Mob8rAAB","01tIV00000GOfP1YAL","Redevance d'utilisation - Tranche 25 ETP - Cas 1","","Annual","In advance","1.0","1000.0","1000.0","Backlog","2026-01-01","2026-12-31","EUR","false","false"
"a01ci00000UvFa7AAF","true","a02ci00000Mob8sAAB","01tIV00000GOfP1YAL","Redevance d'utilisation - Tranche 25 ETP - Cas 1","","Annual","In advance","1.0","2000.0","2000.0","Backlog","2026-01-01","2026-12-31","EUR","false","false"
"a01ci00000UvFa8AAF","true","a02ci00000Mob8tAAB","01tIV00000GOfP1YAL","Redevance d'utilisation - Tranche 25 ETP - Cas 1","","Annual","In advance","1.0","3500.0","3500.0","Backlog","2026-01-01","2026-12-31","EUR","false","false"
"a01ci00000UvFa9AAF","true","a02ci00000Mob8uAAB","01tIV00000GOfP1YAL","Redevance d'utilisation - Tranche 25 ETP - Cas 1","","Annual","In advance","1.0","500.0","500.0","Backlog","2026-01-01","2026-12-31","EUR","false","false"
"a01ci00000UvFaAAAV","true","a02ci00000Mob8vAAB","01tIV00000GyVCbYAN","Redevance d'utilisation - Tranche 25 ETP - Cas 2","","Annual","In advance","1.0","3000.0","3000.0","Backlog","2026-01-01","2026-12-31","EUR","false","false"
"a01ci00000UvFaBAAV","true","a02ci00000Mob8wAAB","01tIV00000GyVCbYAN","Redevance d'utilisation - Tranche 25 ETP - Cas 2","","Annual","In advance","1.0","2000.0","2000.0","Backlog","2026-01-01","2026-12-31","EUR","false","false"
"a01ci00000UvFaCAAV","true","a02ci00000Mob8xAAB","01tIV00000GOfP6YAL","Redevance d'utilisation - ETP EU","","Annual","In advance","1.0","3120.0","3120.0","Backlog","2026-01-01","2026-12-31","EUR","false","false"
"a01ci00000UvFaDAAV","true","a02ci00000Mob8yAAB","01tIV00000GOfP1YAL","Redevance d'utilisation - Tranche 25 ETP - Cas 1","","Annual","In advance","1.0","6500.0","6500.0","Backlog","2026-01-01","2026-12-31","EUR","false","false"
"a01ci00000UvFaEAAV","true","a02ci00000Mob8zAAB","01tIV00000GOfP1YAL","Redevance d'utilisation - Tranche 25 ETP - Cas 1","","Annual","In advance","1.0","500.0","500.0","Backlog","2026-01-01","2026-12-31","EUR","false","false"
"a01ci00000UvFaFAAV","true","a02ci00000Mob90AAB","01tIV00000GyVCbYAN","Redevance d'utilisation - Tranche 25 ETP - Cas 2","","Annual","In advance","1.0","1000.0","1000.0","Backlog","2026-01-01","2026-12-31","EUR","false","false"
"a01ci00000UvFaGAAV","true","a02ci00000Mob91AAB","01tIV00000GOfP1YAL","Redevance d'utilisation - Tranche 25 ETP - Cas 1","","Annual","In advance","1.0","1500.0","1500.0","Backlog","2026-01-01","2026-12-31","EUR","false","false"
"a01ci00000UvFaHAAV","true","a02ci00000Mob92AAB","01tIV00000GyVCbYAN","Redevance d'utilisation - Tranche 25 ETP - Cas 2","","Annual","In advance","1.0","1000.0","1000.0","Backlog","2026-01-01","2026-12-31","EUR","false","false"
"a01ci00000UvFaIAAV","true","a02ci00000Mob93AAB","01tIV00000GOfP1YAL","Redevance d'utilisation - Tranche 25 ETP - Cas 1","","Annual","In advance","1.0","500.0","500.0","Backlog","2026-01-01","2026-12-31","EUR","false","false"
"a01ci00000UvFaJAAV","true","a02ci00000Mob94AAB","01tIV00000GOfP1YAL","Redevance d'utilisation - Tranche 25 ETP - Cas 1","","Annual","In advance","1.0","2500.0","2500.0","Backlog","2026-01-01","2026-12-31","EUR","false","false"
"a01ci00000UvFaKAAV","true","a02ci00000Mob95AAB","01tIV00000GOfP1YAL","Redevance d'utilisation - Tranche 25 ETP - Cas 1","","Annual","In advance","1.0","1000.0","1000.0","Backlog","2026-01-01","2026-12-31","EUR","false","false"
"a01ci00000UvFaLAAV","true","a02ci00000Mob96AAB","01tIV00000GOfP1YAL","Redevance d'utilisation - Tranche 25 ETP - Cas 1","","Annual","In advance","1.0","500.0","500.0","Backlog","2026-01-01","2026-12-31","EUR","false","false"
"a01ci00000UvFaMAAV","true","a02ci00000Mob97AAB","01tIV00000GyVCbYAN","Redevance d'utilisation - Tranche 25 ETP - Cas 2","","Annual","In advance","1.0","1000.0","1000.0","Backlog","2026-01-01","2026-12-31","EUR","false","false"
"a01ci00000UvFaNAAV","true","a02ci00000Mob98AAB","01tIV00000GOfP1YAL","Redevance d'utilisation - Tranche 25 ETP - Cas 1","","Annual","In advance","1.0","500.0","500.0","Backlog","2026-01-01","2026-12-31","EUR","false","false"
"a01ci00000UvFaOAAV","true","a02ci00000Mob99AAB","01tIV00000GyVCbYAN","Redevance d'utilisation - Tranche 25 ETP - Cas 2","","Annual","In advance","1.0","7000.0","7000.0","Backlog","2026-01-01","2026-12-31","EUR","false","false"
"a01ci00000UvFaPAAV","true","a02ci00000Mob9AAAR","01tIV00000GOfP1YAL","Redevance d'utilisation - Tranche 25 ETP - Cas 1","","Annual","In advance","1.0","500.0","500.0","Backlog","2026-01-01","2026-12-31","EUR","false","false"
"a01ci00000UvFaQAAV","true","a02ci00000Mob9BAAR","01tIV00000GOfP1YAL","Redevance d'utilisation - Tranche 25 ETP - Cas 1","","Annual","In advance","1.0","500.0","500.0","Backlog","2026-01-01","2026-12-31","EUR","false","false"
"a01ci00000UvFaRAAV","true","a02ci00000Mob9CAAR","01tIV00000GOfP1YAL","Redevance d'utilisation - Tranche 25 ETP - Cas 1","","Annual","In advance","1.0","500.0","500.0","Backlog","2026-01-01","2026-12-31","EUR","false","false"
"a01ci00000UvFaSAAV","true","a02ci00000Mob9DAAR","01tIV00000GyVCbYAN","Redevance d'utilisation - Tranche 25 ETP - Cas 2","","Annual","In advance","1.0","1000.0","1000.0","Backlog","2026-01-01","2026-12-31","EUR","false","false"
"a01ci00000UvFaTAAV","true","a02ci00000Mob9EAAR","01tIV00000GOfP1YAL","Redevance d'utilisation - Tranche 25 ETP - Cas 1","","Annual","In advance","1.0","500.0","500.0","Backlog","2026-01-01","2026-12-31","EUR","false","false"
"a01ci00000UvFaUAAV","true","a02ci00000Mob9FAAR","01tIV00000GOfP1YAL","Redevance d'utilisation - Tranche 25 ETP - Cas 1","","Annual","In advance","1.0","1000.0","1000.0","Backlog","2026-01-01","2026-12-31","EUR","false","false"
"a01ci00000UvFaVAAV","true","a02ci00000Mob9GAAR","01tIV00000GyVCbYAN","Redevance d'utilisation - Tranche 25 ETP - Cas 2","","Annual","In advance","1.0","1000.0","1000.0","Backlog","2026-01-01","2026-12-31","EUR","false","false"
"a01ci00000UvFaWAAV","true","a02ci00000Mob9HAAR","01tIV00000GyVCbYAN","Redevance d'utilisation - Tranche 25 ETP - Cas 2","","Annual","In advance","1.0","4000.0","4000.0","Backlog","2026-01-01","2026-12-31","EUR","false","false"
"a01ci00000Ux3DVAAZ","true","a02ci00000Mob9IAAR","01tIV00000GOfP6YAL","Redevance d'utilisation - ETP EU","","Annual","In advance","1.0","3440.0","3440.0","Backlog","2026-01-01","2026-12-31","EUR","false","false"
"a01ci00000Ux3DWAAZ","true","a02ci00000Mob9JAAR","01tIV00000GOfP1YAL","Redevance d'utilisation - Tranche 25 ETP - Cas 1","","Annual","In advance","1.0","2000.0","2000.0","Backlog","2026-01-01","2026-12-31","EUR","false","false"
"a01ci00000Ux3DXAAZ","true","a02ci00000Mob9KAAR","01tIV00000GOfP1YAL","Redevance d'utilisation - Tranche 25 ETP - Cas 1","","Annual","In advance","1.0","500.0","500.0","Backlog","2026-01-01","2026-12-31","EUR","false","false"
"a01ci00000Ux3DYAAZ","true","a02ci00000Mob9LAAR","01tIV00000GOfP1YAL","Redevance d'utilisation - Tranche 25 ETP - Cas 1","","Annual","In advance","1.0","3500.0","3500.0","Backlog","2026-01-01","2026-12-31","EUR","false","false"
"a01ci00000Ux3DZAAZ","true","a02ci00000Mob9MAAR","01tIV00000GyVCbYAN","Redevance d'utilisation - Tranche 25 ETP - Cas 2","","Annual","In advance","1.0","4000.0","4000.0","Backlog","2026-01-01","2026-12-31","EUR","false","false"
"a01ci00000Ux3DaAAJ","true","a02ci00000Mob9MAAR","01tIV00000GOfPAYA1","Licence BI - Consultation","","Annual","In advance","1.0","1200.0","1200.0","Backlog","2026-01-01","2026-12-31","EUR","false","false"
"a01ci00000Ux3DbAAJ","true","a02ci00000Mob9NAAR","01tIV00000GOfP1YAL","Redevance d'utilisation - Tranche 25 ETP - Cas 1","","Annual","In advance","1.0","500.0","500.0","Backlog","2026-01-01","2026-12-31","EUR","false","false"
"a01ci00000Ux3DcAAJ","true","a02ci00000Mob9OAAR","01tIV00000GOfP1YAL","Redevance d'utilisation - Tranche 25 ETP - Cas 1","","Annual","In advance","1.0","1000.0","1000.0","Backlog","2026-01-01","2026-12-31","EUR","false","false"
"a01ci00000Ux3DdAAJ","true","a02ci00000Mob9PAAR","01tIV00000GyVCbYAN","Redevance d'utilisation - Tranche 25 ETP - Cas 2","","Annual","In advance","1.0","1000.0","1000.0","Backlog","2026-01-01","2026-12-31","EUR","false","false"
"a01ci00000Ux3DeAAJ","true","a02ci00000Mob9QAAR","01tIV00000GOfP1YAL","Redevance d'utilisation - Tranche 25 ETP - Cas 1","","Annual","In advance","1.0","500.0","500.0","Backlog","2026-01-01","2026-12-31","EUR","false","false"
"a01ci00000Ux3DfAAJ","true","a02ci00000Mob9RAAR","01tIV00000GyVCbYAN","Redevance d'utilisation - Tranche 25 ETP - Cas 2","","Annual","In advance","1.0","3000.0","3000.0","Backlog","2026-01-01","2026-12-31","EUR","false","false"
"a01ci00000Ux3DgAAJ","true","a02ci00000Mob9SAAR","01tIV00000GOfP6YAL","Redevance d'utilisation - ETP EU","","Annual","In advance","1.0","2232.0","2232.0","Backlog","2026-01-01","2026-12-31","EUR","false","false"
"a01ci00000Ux3DhAAJ","true","a02ci00000Mob9TAAR","01tIV00000GOfP1YAL","Redevance d'utilisation - Tranche 25 ETP - Cas 1","","Annual","In advance","1.0","2500.0","2500.0","Backlog","2026-01-01","2026-12-31","EUR","false","false"
"a01ci00000Ux3DiAAJ","true","a02ci00000Mob9UAAR","01tIV00000GyVCbYAN","Redevance d'utilisation - Tranche 25 ETP - Cas 2","","Annual","In advance","1.0","3000.0","3000.0","Backlog","2026-01-01","2026-12-31","EUR","false","false"
"a01ci00000Ux3DjAAJ","true","a02ci00000Mob9VAAR","01tIV00000GyVCbYAN","Redevance d'utilisation - Tranche 25 ETP - Cas 2","","Annual","In advance","1.0","1000.0","1000.0","Backlog","2026-01-01","2026-12-31","EUR","false","false"
"a01ci00000Ux3DkAAJ","true","a02ci00000Mob9WAAR","01tIV00000GOfP1YAL","Redevance d'utilisation - Tranche 25 ETP - Cas 1","","Annual","In advance","1.0","4000.0","4000.0","Backlog","2026-01-01","2026-12-31","EUR","false","false"
"a01ci00000Ux3DlAAJ","true","a02ci00000Mob9XAAR","01tIV00000GyVCbYAN","Redevance d'utilisation - Tranche 25 ETP - Cas 2","","Annual","In advance","1.0","1000.0","1000.0","Backlog","2026-01-01","2026-12-31","EUR","false","false"
"a01ci00000Ux3DmAAJ","true","a02ci00000Mob9YAAR","01tIV00000GOfP1YAL","Redevance d'utilisation - Tranche 25 ETP - Cas 1","","Annual","In advance","1.0","500.0","500.0","Backlog","2026-01-01","2026-12-31","EUR","false","false"
"a01ci00000Ux3DnAAJ","true","a02ci00000Mob9ZAAR","01tIV00000GOfP1YAL","Redevance d'utilisation - Tranche 25 ETP - Cas 1","","Annual","In advance","1.0","500.0","500.0","Backlog","2026-01-01","2026-12-31","EUR","false","false"
"a01ci00000Ux3DoAAJ","true","a02ci00000Mob9aAAB","01tIV00000GOfP1YAL","Redevance d'utilisation - Tranche 25 ETP - Cas 1","","Annual","In advance","1.0","500.0","500.0","Backlog","2026-01-01","2026-12-31","EUR","false","false"
"a01ci00000Ux3DpAAJ","true","a02ci00000Mob9bAAB","01tIV00000GyVCbYAN","Redevance d'utilisation - Tranche 25 ETP - Cas 2","","Annual","In advance","1.0","1000.0","1000.0","Backlog","2026-01-01","2026-12-31","EUR","false","false"
"a01ci00000Ux3DqAAJ","true","a02ci00000Mob9cAAB","01tIV00000GyVCbYAN","Redevance d'utilisation - Tranche 25 ETP - Cas 2","","Annual","In advance","1.0","6000.0","6000.0","Backlog","2026-01-01","2026-12-31","EUR","false","false"
"a01ci00000Ux3DrAAJ","true","a02ci00000Mob9dAAB","01tIV00000GOfP1YAL","Redevance d'utilisation - Tranche 25 ETP - Cas 1","","Annual","In advance","1.0","500.0","500.0","Backlog","2026-01-01","2026-12-31","EUR","false","false"
"a01ci00000Ux3DsAAJ","true","a02ci00000Mob9eAAB","01tIV00000GOfP6YAL","Redevance d'utilisation - ETP EU","","Annual","In advance","1.0","5000.0","5000.0","Backlog","2026-01-01","2026-12-31","EUR","false","false"
"a01ci00000Ux3DtAAJ","true","a02ci00000Mob9fAAB","01tIV00000GOfP6YAL","Redevance d'utilisation - ETP EU","","Annual","In advance","1.0","1000.0","1000.0","Backlog","2026-01-01","2026-12-31","EUR","false","false"
"a01ci00000Ux3DuAAJ","true","a02ci00000Mob9gAAB","01tIV00000GOfP1YAL","Redevance d'utilisation - Tranche 25 ETP - Cas 1","","Annual","In advance","1.0","1500.0","1500.0","Backlog","2026-01-01","2026-12-31","EUR","false","false"
"a01ci00000Ux3DvAAJ","true","a02ci00000Mob9hAAB","01tIV00000GyVCbYAN","Redevance d'utilisation - Tranche 25 ETP - Cas 2","","Annual","In advance","1.0","3000.0","3000.0","Backlog","2026-01-01","2026-12-31","EUR","false","false"
"a01ci00000Ux3DwAAJ","true","a02ci00000Mob9iAAB","01tIV00000GyVCbYAN","Redevance d'utilisation - Tranche 25 ETP - Cas 2","","Annual","In advance","1.0","5000.0","5000.0","Backlog","2026-01-01","2026-12-31","EUR","false","false"
"a01ci00000Ux3DxAAJ","true","a02ci00000Mob9jAAB","01tIV00000GOfP1YAL","Redevance d'utilisation - Tranche 25 ETP - Cas 1","","Annual","In advance","1.0","3000.0","3000.0","Backlog","2026-01-01","2026-12-31","EUR","false","false"
"a01ci00000Ux3DyAAJ","true","a02ci00000Mob9kAAB","01tIV00000GyVCbYAN","Redevance d'utilisation - Tranche 25 ETP - Cas 2","","Annual","In advance","1.0","1000.0","1000.0","Backlog","2026-01-01","2026-12-31","EUR","false","false"
"a01ci00000Ux3DzAAJ","true","a02ci00000Mob9lAAB","01tIV00000GOfP1YAL","Redevance d'utilisation - Tranche 25 ETP - Cas 1","","Annual","In advance","1.0","1500.0","1500.0","Backlog","2026-01-01","2026-12-31","EUR","false","false"
"a01ci00000Ux3E0AAJ","true","a02ci00000Mob9mAAB","01tIV00000GOfP1YAL","Redevance d'utilisation - Tranche 25 ETP - Cas 1","","Annual","In advance","1.0","500.0","500.0","Backlog","2026-01-01","2026-12-31","EUR","false","false"
"a01ci00000Ux3E1AAJ","true","a02ci00000Mob9nAAB","01tIV00000GOfP1YAL","Redevance d'utilisation - Tranche 25 ETP - Cas 1","","Annual","In advance","1.0","500.0","500.0","Backlog","2026-01-01","2026-12-31","EUR","false","false"
"a01ci00000Ux3E2AAJ","true","a02ci00000Mob9oAAB","01tIV00000GOfP1YAL","Redevance d'utilisation - Tranche 25 ETP - Cas 1","","Annual","In advance","1.0","2000.0","2000.0","Backlog","2026-01-01","2026-12-31","EUR","false","false"
"a01ci00000Ux3E3AAJ","true","a02ci00000Mob9pAAB","01tIV00000GOfP6YAL","Redevance d'utilisation - ETP EU","","Annual","In advance","1.0","3840.0","3840.0","Backlog","2026-01-01","2026-12-31","EUR","false","false"
"a01ci00000Ux3E4AAJ","true","a02ci00000Mob9qAAB","01tIV00000GOfP1YAL","Redevance d'utilisation - Tranche 25 ETP - Cas 1","","Annual","In advance","1.0","1000.0","1000.0","Backlog","2026-01-01","2026-12-31","EUR","false","false"
"a01ci00000Ux3E5AAJ","true","a02ci00000Mob9rAAB","01tIV00000GOfP1YAL","Redevance d'utilisation - Tranche 25 ETP - Cas 1","","Annual","In advance","1.0","1500.0","1500.0","Backlog","2026-01-01","2026-12-31","EUR","false","false"
"a01ci00000Ux3E6AAJ","true","a02ci00000Mob9sAAB","01tIV00000GyVCbYAN","Redevance d'utilisation - Tranche 25 ETP - Cas 2","","Annual","In advance","1.0","1000.0","1000.0","Backlog","2026-01-01","2026-12-31","EUR","false","false"
"a01ci00000Ux3E7AAJ","true","a02ci00000Mob9tAAB","01tIV00000GyVCbYAN","Redevance d'utilisation - Tranche 25 ETP - Cas 2","","Annual","In advance","1.0","1000.0","1000.0","Backlog","2026-01-01","2026-12-31","EUR","false","false"
"a01ci00000Ux3E8AAJ","true","a02ci00000Mob9uAAB","01tIV00000GOfP6YAL","Redevance d'utilisation - ETP EU","","Annual","In advance","1.0","1080.0","1080.0","Backlog","2026-01-01","2026-12-31","EUR","false","false"
"a01ci00000Ux3E9AAJ","true","a02ci00000Mob9vAAB","01tIV00000GyVCbYAN","Redevance d'utilisation - Tranche 25 ETP - Cas 2","","Annual","In advance","1.0","1000.0","1000.0","Backlog","2026-01-01","2026-12-31","EUR","false","false"
"a01ci00000Ux3EAAAZ","true","a02ci00000Mob9wAAB","01tIV00000GOfP1YAL","Redevance d'utilisation - Tranche 25 ETP - Cas 1","","Annual","In advance","1.0","500.0","500.0","Backlog","2026-01-01","2026-12-31","EUR","false","false"
"a01ci00000Ux3EBAAZ","true","a02ci00000Mob9xAAB","01tIV00000GyVCbYAN","Redevance d'utilisation - Tranche 25 ETP - Cas 2","","Annual","In advance","1.0","1000.0","1000.0","Backlog","2026-01-01","2026-12-31","EUR","false","false"
"a01ci00000Ux3ECAAZ","true","a02ci00000Mob9yAAB","01tIV00000GOfP1YAL","Redevance d'utilisation - Tranche 25 ETP - Cas 1","","Annual","In advance","1.0","500.0","500.0","Backlog","2026-01-01","2026-12-31","EUR","false","false"
"a01ci00000Ux3EDAAZ","true","a02ci00000Mob9zAAB","01tIV00000GOfP1YAL","Redevance d'utilisation - Tranche 25 ETP - Cas 1","","Annual","In advance","1.0","1000.0","1000.0","Backlog","2026-01-01","2026-12-31","EUR","false","false"
"a01ci00000Ux3EEAAZ","true","a02ci00000MobA0AAJ","01tIV00000GyVCbYAN","Redevance d'utilisation - Tranche 25 ETP - Cas 2","","Annual","In advance","1.0","1000.0","1000.0","Backlog","2026-01-01","2026-12-31","EUR","false","false"
"a01ci00000Ux3EFAAZ","true","a02ci00000MobA1AAJ","01tIV00000GOfP1YAL","Redevance d'utilisation - Tranche 25 ETP - Cas 1","","Annual","In advance","1.0","500.0","500.0","Backlog","2026-01-01","2026-12-31","EUR","false","false"
"a01ci00000Ux3EGAAZ","true","a02ci00000MobA2AAJ","01tIV00000GyVCbYAN","Redevance d'utilisation - Tranche 25 ETP - Cas 2","","Annual","In advance","1.0","1000.0","1000.0","Backlog","2026-01-01","2026-12-31","EUR","false","false"
"a01ci00000Ux3EHAAZ","true","a02ci00000MobA3AAJ","01tIV00000GOfP1YAL","Redevance d'utilisation - Tranche 25 ETP - Cas 1","","Biannual","In advance","1.0","500.0","500.0","Backlog","2026-01-01","2026-12-31","EUR","false","false"
"a01ci00000Ux3EIAAZ","true","a02ci00000MobA4AAJ","01tIV00000GOfP1YAL","Redevance d'utilisation - Tranche 25 ETP - Cas 1","","Annual","In advance","1.0","500.0","500.0","Backlog","2026-01-01","2026-12-31","EUR","false","false"
"a01ci00000Ux3EJAAZ","true","a02ci00000MobA5AAJ","01tIV00000GyVCbYAN","Redevance d'utilisation - Tranche 25 ETP - Cas 2","","Annual","In advance","1.0","3000.0","3000.0","Backlog","2026-01-01","2026-12-31","EUR","false","false"
"a01ci00000Ux3EKAAZ","true","a02ci00000MobA6AAJ","01tIV00000GyVCbYAN","Redevance d'utilisation - Tranche 25 ETP - Cas 2","","Annual","In advance","1.0","4000.0","4000.0","Backlog","2026-01-01","2026-12-31","EUR","false","false"
"a01ci00000Ux3ELAAZ","true","a02ci00000MobA6AAJ","01tIV00000GOfPAYA1","Licence BI - Consultation","","Annual","In advance","1.0","1800.0","1800.0","Backlog","2026-01-01","2026-12-31","EUR","false","false"
"a01ci00000Ux3EMAAZ","true","a02ci00000MobA7AAJ","01tIV00000GOfP1YAL","Redevance d'utilisation - Tranche 25 ETP - Cas 1","","Annual","In advance","1.0","1000.0","1000.0","Backlog","2026-01-01","2026-12-31","EUR","false","false"
"a01ci00000Ux3ENAAZ","true","a02ci00000MobA8AAJ","01tIV00000GOfP1YAL","Redevance d'utilisation - Tranche 25 ETP - Cas 1","","Annual","In advance","1.0","5000.0","5000.0","Backlog","2026-01-01","2026-12-31","EUR","false","false"
"a01ci00000Ux3EOAAZ","true","a02ci00000MobA9AAJ","01tIV00000GOfP1YAL","Redevance d'utilisation - Tranche 25 ETP - Cas 1","","Annual","In advance","1.0","500.0","500.0","Backlog","2026-01-01","2026-12-31","EUR","false","false"
"a01ci00000Ux3EPAAZ","true","a02ci00000MobAAAAZ","01tIV00000GOfP1YAL","Redevance d'utilisation - Tranche 25 ETP - Cas 1","","Annual","In advance","1.0","500.0","500.0","Backlog","2026-01-01","2026-12-31","EUR","false","false"
"a01ci00000Ux3EQAAZ","true","a02ci00000MobABAAZ","01tIV00000GOfP1YAL","Redevance d'utilisation - Tranche 25 ETP - Cas 1","","Annual","In advance","1.0","500.0","500.0","Backlog","2026-01-01","2026-12-31","EUR","false","false"
"a01ci00000Ux3ERAAZ","true","a02ci00000MobACAAZ","01tIV00000GyVCbYAN","Redevance d'utilisation - Tranche 25 ETP - Cas 2","","Annual","In advance","1.0","2000.0","2000.0","Backlog","2026-01-01","2026-12-31","EUR","false","false"
"a01ci00000Ux3ESAAZ","true","a02ci00000MobADAAZ","01tIV00000GOfP1YAL","Redevance d'utilisation - Tranche 25 ETP - Cas 1","","Annual","In advance","1.0","500.0","500.0","Backlog","2026-01-01","2026-12-31","EUR","false","false"
"a01ci00000Ux3ETAAZ","true","a02ci00000MobAEAAZ","01tIV00000GOfP1YAL","Redevance d'utilisation - Tranche 25 ETP - Cas 1","","Annual","In advance","1.0","1000.0","1000.0","Backlog","2026-01-01","2026-12-31","EUR","false","false"
"a01ci00000Ux3EUAAZ","true","a02ci00000MobAFAAZ","01tIV00000GOfP1YAL","Redevance d'utilisation - Tranche 25 ETP - Cas 1","CONSTELLIUM NEUF BRISACH","Annual","In advance","1.0","3500.0","3500.0","Backlog","2026-01-01","2026-12-31","EUR","false","false"
"a01ci00000Ux3EVAAZ","true","a02ci00000MobAFAAZ","01tIV00000GOfP1YAL","Redevance d'utilisation - Tranche 25 ETP - Cas 1","GOODYEAR DUNLOP TIRES France","Annual","In advance","1.0","1500.0","1500.0","Backlog","2026-01-01","2026-12-31","EUR","false","false"
"a01ci00000Ux3EWAAZ","true","a02ci00000MobAFAAZ","01tIV00000GOfP1YAL","Redevance d'utilisation - Tranche 25 ETP - Cas 1","PARAGON WESTERN EUROPE","Annual","In advance","1.0","8000.0","8000.0","Backlog","2026-01-01","2026-12-31","EUR","false","false"
"a01ci00000Ux3EXAAZ","true","a02ci00000MobAGAAZ","01tIV00000GOfP1YAL","Redevance d'utilisation - Tranche 25 ETP - Cas 1","","Annual","In advance","1.0","500.0","500.0","Backlog","2026-01-01","2026-12-31","EUR","false","false"
"a01ci00000Ux3EYAAZ","true","a02ci00000MobAHAAZ","01tIV00000GOfP1YAL","Redevance d'utilisation - Tranche 25 ETP - Cas 1","","Annual","In advance","1.0","1000.0","1000.0","Backlog","2026-01-01","2026-12-31","EUR","false","false"
"a01ci00000Ux3EZAAZ","true","a02ci00000MobAIAAZ","01tIV00000GOfP1YAL","Redevance d'utilisation - Tranche 25 ETP - Cas 1","","Annual","In advance","1.0","1000.0","1000.0","Backlog","2026-01-01","2026-12-31","EUR","false","false"
"a01ci00000Ux3EaAAJ","true","a02ci00000MobAJAAZ","01tIV00000GyVCbYAN","Redevance d'utilisation - Tranche 25 ETP - Cas 2","","Annual","In advance","1.0","1000.0","1000.0","Backlog","2026-01-01","2026-12-31","EUR","false","false"
"a01ci00000Ux3EbAAJ","true","a02ci00000MobAKAAZ","01tIV00000GOfP1YAL","Redevance d'utilisation - Tranche 25 ETP - Cas 1","","Annual","In advance","1.0","2000.0","2000.0","Backlog","2026-01-01","2026-12-31","EUR","false","false"
"a01ci00000Ux3EcAAJ","true","a02ci00000MobALAAZ","01tIV00000GOfP1YAL","Redevance d'utilisation - Tranche 25 ETP - Cas 1","","Annual","In advance","1.0","1000.0","1000.0","Backlog","2026-01-01","2026-12-31","EUR","false","false"
"a01ci00000Ux3EdAAJ","true","a02ci00000MobAMAAZ","01tIV00000GOfP1YAL","Redevance d'utilisation - Tranche 25 ETP - Cas 1","","Annual","In advance","1.0","500.0","500.0","Backlog","2026-01-01","2026-12-31","EUR","false","false"
"a01ci00000Ux3EeAAJ","true","a02ci00000MobANAAZ","01tIV00000GOfP1YAL","Redevance d'utilisation - Tranche 25 ETP - Cas 1","","Annual","In advance","1.0","1000.0","1000.0","Backlog","2026-01-01","2026-12-31","EUR","false","false"
"a01ci00000Ux3EfAAJ","true","a02ci00000MobAOAAZ","01tIV00000GOfP1YAL","Redevance d'utilisation - Tranche 25 ETP - Cas 1","","Annual","In advance","1.0","1000.0","1000.0","Backlog","2026-01-01","2026-12-31","EUR","false","false"
"a01ci00000Ux3EgAAJ","true","a02ci00000MobAPAAZ","01tIV00000GOfP1YAL","Redevance d'utilisation - Tranche 25 ETP - Cas 1","","Annual","In advance","1.0","4000.0","4000.0","Backlog","2026-01-01","2026-12-31","EUR","false","false"
"a01ci00000Ux3EhAAJ","true","a02ci00000MobAQAAZ","01tIV00000GOfP1YAL","Redevance d'utilisation - Tranche 25 ETP - Cas 1","","Annual","In advance","1.0","500.0","500.0","Backlog","2026-01-01","2026-12-31","EUR","false","false"
"a01ci00000Ux3EiAAJ","true","a02ci00000MobARAAZ","01tIV00000GyVCbYAN","Redevance d'utilisation - Tranche 25 ETP - Cas 2","","Annual","In advance","1.0","4000.0","4000.0","Backlog","2026-01-01","2026-12-31","EUR","false","false"
"a01ci00000Ux3EjAAJ","true","a02ci00000MobASAAZ","01tIV00000GOfP1YAL","Redevance d'utilisation - Tranche 25 ETP - Cas 1","","Annual","In advance","1.0","500.0","500.0","Backlog","2026-01-01","2026-12-31","EUR","false","false"
"a01ci00000Ux3EkAAJ","true","a02ci00000MobATAAZ","01tIV00000GOfP1YAL","Redevance d'utilisation - Tranche 25 ETP - Cas 1","","Annual","In advance","1.0","1000.0","1000.0","Backlog","2026-01-01","2026-12-31","EUR","false","false"
"a01ci00000Ux3ElAAJ","true","a02ci00000MobAUAAZ","01tIV00000GyVCbYAN","Redevance d'utilisation - Tranche 25 ETP - Cas 2","","Annual","In advance","1.0","1000.0","1000.0","Backlog","2026-01-01","2026-12-31","EUR","false","false"
"a01ci00000Ux3EmAAJ","true","a02ci00000MobAVAAZ","01tIV00000GyVCbYAN","Redevance d'utilisation - Tranche 25 ETP - Cas 2","","Annual","In advance","1.0","21000.0","21000.0","Backlog","2026-01-01","2026-12-31","EUR","false","false"
"a01ci00000Ux3EnAAJ","true","a02ci00000MobAWAAZ","01tIV00000GyVCbYAN","Redevance d'utilisation - Tranche 25 ETP - Cas 2","","Annual","In advance","1.0","5000.0","5000.0","Backlog","2026-01-01","2026-12-31","EUR","false","false"
"a01ci00000Ux3EoAAJ","true","a02ci00000MobAXAAZ","01tIV00000GOfP1YAL","Redevance d'utilisation - Tranche 25 ETP - Cas 1","","Annual","In advance","1.0","500.0","500.0","Backlog","2026-01-01","2026-12-31","EUR","false","false"
"a01ci00000Ux3EpAAJ","true","a02ci00000MobAYAAZ","01tIV00000GOfP6YAL","Redevance d'utilisation - ETP EU","","Annual","In advance","1.0","1800.0","1800.0","Backlog","2026-01-01","2026-12-31","EUR","false","false"
"a01ci00000Ux3EqAAJ","true","a02ci00000MobAZAAZ","01tIV00000GOfP1YAL","Redevance d'utilisation - Tranche 25 ETP - Cas 1","","Annual","In advance","1.0","3000.0","3000.0","Backlog","2026-01-01","2026-12-31","EUR","false","false"
"a01ci00000Ux3ErAAJ","true","a02ci00000MobAaAAJ","01tIV00000GOfP1YAL","Redevance d'utilisation - Tranche 25 ETP - Cas 1","","Annual","In advance","1.0","3500.0","3500.0","Backlog","2026-01-01","2026-12-31","EUR","false","false"
"a01ci00000Ux3EsAAJ","true","a02ci00000MobAbAAJ","01tIV00000GOfP1YAL","Redevance d'utilisation - Tranche 25 ETP - Cas 1","","Annual","In advance","1.0","4000.0","4000.0","Backlog","2026-01-01","2026-12-31","EUR","false","false"
"a01ci00000Ux3EtAAJ","true","a02ci00000MobAbAAJ","01tIV00000GOfPAYA1","Licence BI - Consultation","","Annual","In advance","1.0","600.0","600.0","Backlog","2026-01-01","2026-12-31","EUR","false","false"
"a01ci00000Ux3EuAAJ","true","a02ci00000MobAbAAJ","01tIV00000GOfPFYA1","Maintenance SSO","","Annual","In advance","1.0","750.0","750.0","Backlog","2026-01-01","2026-12-31","EUR","false","false"
"a01ci00000Ux3EvAAJ","true","a02ci00000MobAcAAJ","01tIV00000GOfP1YAL","Redevance d'utilisation - Tranche 25 ETP - Cas 1","","Annual","In advance","1.0","2500.0","2500.0","Backlog","2026-01-01","2026-12-31","EUR","false","false"
"a01ci00000Ux3EwAAJ","true","a02ci00000MobAdAAJ","01tIV00000GOfP1YAL","Redevance d'utilisation - Tranche 25 ETP - Cas 1","","Annual","In advance","1.0","4000.0","4000.0","Backlog","2026-01-01","2026-12-31","EUR","false","false"
"a01ci00000Ux3ExAAJ","true","a02ci00000MobAeAAJ","01tIV00000GOfP1YAL","Redevance d'utilisation - Tranche 25 ETP - Cas 1","","Annual","In advance","1.0","1000.0","1000.0","Backlog","2026-01-01","2026-12-31","EUR","false","false"
"a01ci00000Ux3EyAAJ","true","a02ci00000MobAfAAJ","01tIV00000GOfP1YAL","Redevance d'utilisation - Tranche 25 ETP - Cas 1","","Annual","In advance","1.0","500.0","500.0","Backlog","2026-01-01","2026-12-31","EUR","false","false"
"a01ci00000Ux3EzAAJ","true","a02ci00000MobAgAAJ","01tIV00000GyVCbYAN","Redevance d'utilisation - Tranche 25 ETP - Cas 2","","Annual","In advance","1.0","1000.0","1000.0","Backlog","2026-01-01","2026-12-31","EUR","false","false"
"a01ci00000Ux3F0AAJ","true","a02ci00000MobAhAAJ","01tIV00000GOfP1YAL","Redevance d'utilisation - Tranche 25 ETP - Cas 1","","Annual","In advance","1.0","4500.0","4500.0","Backlog","2026-01-01","2026-12-31","EUR","false","false"
"a01ci00000Ux3F1AAJ","true","a02ci00000MobAhAAJ","01tIV00000GOfPAYA1","Licence BI - Consultation","","Annual","In advance","1.0","1200.0","1200.0","Backlog","2026-01-01","2026-12-31","EUR","false","false"
"a01ci00000Ux3F2AAJ","true","a02ci00000MobAhAAJ","01tIV00000GOfPFYA1","Maintenance SSO","","Annual","In advance","1.0","1000.0","1000.0","Backlog","2026-01-01","2026-12-31","EUR","false","false"
"a01ci00000Ux3F3AAJ","true","a02ci00000MobAiAAJ","01tIV00000GOfP6YAL","Redevance d'utilisation - ETP EU","","Annual","In advance","1.0","2232.0","2232.0","Backlog","2026-01-01","2026-12-31","EUR","false","false"
"a01ci00000Ux3F4AAJ","true","a02ci00000MobAjAAJ","01tIV00000GOfP1YAL","Redevance d'utilisation - Tranche 25 ETP - Cas 1","","Annual","In advance","1.0","1000.0","1000.0","Backlog","2026-01-01","2026-12-31","EUR","false","false"
"a01ci00000Ux3F5AAJ","true","a02ci00000MobAkAAJ","01tIV00000GOfP1YAL","Redevance d'utilisation - Tranche 25 ETP - Cas 1","","Annual","In advance","1.0","500.0","500.0","Backlog","2026-01-01","2026-12-31","EUR","false","false"
"a01ci00000Ux3F6AAJ","true","a02ci00000MobAlAAJ","01tIV00000GOfP1YAL","Redevance d'utilisation - Tranche 25 ETP - Cas 1","REMY MARTIN","Annual","In advance","1.0","500.0","500.0","Backlog","2026-01-01","2026-12-31","EUR","false","false"
"a01ci00000Ux3ILAAZ","true","a02ci00000MobAlAAJ","01tIV00000GOfP1YAL","Redevance d'utilisation - Tranche 25 ETP - Cas 1","COINTREAU","Annual","In advance","1.0","500.0","500.0","Backlog","2026-01-01","2026-12-31","EUR","false","false"
"a01ci00000Ux3IMAAZ","true","a02ci00000MobAmAAJ","01tIV00000GOfP6YAL","Redevance d'utilisation - ETP EU","","Annual","In advance","1.0","1800.0","1800.0","Backlog","2026-01-01","2026-12-31","EUR","false","false"
"a01ci00000Ux3INAAZ","true","a02ci00000MobAnAAJ","01tIV00000GyVCbYAN","Redevance d'utilisation - Tranche 25 ETP - Cas 2","","Annual","In advance","1.0","3000.0","3000.0","Backlog","2026-01-01","2026-12-31","EUR","false","false"
"a01ci00000Ux3IOAAZ","true","a02ci00000MobAoAAJ","01tIV00000GyVCbYAN","Redevance d'utilisation - Tranche 25 ETP - Cas 2","","Annual","In advance","1.0","1000.0","1000.0","Backlog","2026-01-01","2026-12-31","EUR","false","false"
"a01ci00000Ux3IPAAZ","true","a02ci00000MobApAAJ","01tIV00000GOfP1YAL","Redevance d'utilisation - Tranche 25 ETP - Cas 1","","Annual","In advance","1.0","3500.0","3500.0","Backlog","2026-01-01","2026-12-31","EUR","false","false"
"a01ci00000Ux3IQAAZ","true","a02ci00000MobAqAAJ","01tIV00000GyVCbYAN","Redevance d'utilisation - Tranche 25 ETP - Cas 2","","Annual","In advance","1.0","1000.0","1000.0","Backlog","2026-01-01","2026-12-31","EUR","false","false"
"a01ci00000Ux3IRAAZ","true","a02ci00000MobAqAAJ","01tIV00000GOfPAYA1","Licence BI - Consultation","","Annual","In advance","1.0","1200.0","1200.0","Backlog","2026-01-01","2026-12-31","EUR","false","false"
"a01ci00000Ux3ISAAZ","true","a02ci00000MobArAAJ","01tIV00000GyVCbYAN","Redevance d'utilisation - Tranche 25 ETP - Cas 2","","Annual","In advance","1.0","3000.0","3000.0","Backlog","2026-01-01","2026-12-31","EUR","false","false"
"a01ci00000Ux3ITAAZ","true","a02ci00000MobAsAAJ","01tIV00000GOfP1YAL","Redevance d'utilisation - Tranche 25 ETP - Cas 1","","Annual","In advance","1.0","1000.0","1000.0","Backlog","2026-01-01","2026-12-31","EUR","false","false"
"a01ci00000Ux3IUAAZ","true","a02ci00000MobAtAAJ","01tIV00000GOfP6YAL","Redevance d'utilisation - ETP EU","","Annual","In advance","1.0","3600.0","3600.0","Backlog","2026-01-01","2026-12-31","EUR","false","false"
"a01ci00000Ux3IVAAZ","true","a02ci00000MobAuAAJ","01tIV00000GOfP1YAL","Redevance d'utilisation - Tranche 25 ETP - Cas 1","","Annual","In advance","1.0","1000.0","1000.0","Backlog","2026-01-01","2026-12-31","EUR","false","false"
"a01ci00000Ux3IWAAZ","true","a02ci00000MobAvAAJ","01tIV00000GOfP1YAL","Redevance d'utilisation - Tranche 25 ETP - Cas 1","","Annual","In advance","1.0","1000.0","1000.0","Backlog","2026-01-01","2026-12-31","EUR","false","false"
"a01ci00000Ux3IXAAZ","true","a02ci00000MobAwAAJ","01tIV00000GOfP1YAL","Redevance d'utilisation - Tranche 25 ETP - Cas 1","","Annual","In advance","1.0","2000.0","2000.0","Backlog","2026-01-01","2026-12-31","EUR","false","false"
"a01ci00000Ux3IYAAZ","true","a02ci00000MobAxAAJ","01tIV00000GOfP1YAL","Redevance d'utilisation - Tranche 25 ETP - Cas 1","","Annual","In advance","1.0","500.0","500.0","Backlog","2026-01-01","2026-12-31","EUR","false","false"
"a01ci00000Ux3IZAAZ","true","a02ci00000MobAyAAJ","01tIV00000GyVCbYAN","Redevance d'utilisation - Tranche 25 ETP - Cas 2","","Annual","In advance","1.0","2000.0","2000.0","Backlog","2026-01-01","2026-12-31","EUR","false","false"
"a01ci00000Ux3IaAAJ","true","a02ci00000MobCbAAJ","01tIV00000GOfP1YAL","Redevance d'utilisation - Tranche 25 ETP - Cas 1","","Annual","In advance","1.0","500.0","500.0","Backlog","2026-01-01","2026-12-31","EUR","false","false"
"a01ci00000Ux3IbAAJ","true","a02ci00000MobCcAAJ","01tIV00000GOfP1YAL","Redevance d'utilisation - Tranche 25 ETP - Cas 1","","Annual","In advance","1.0","1000.0","1000.0","Backlog","2026-01-01","2026-12-31","EUR","false","false"
"a01ci00000Ux3IcAAJ","true","a02ci00000MobCcAAJ","01tIV00000GOfPFYA1","Maintenance SSO","","Annual","In advance","1.0","1000.0","1000.0","Backlog","2026-01-01","2026-12-31","EUR","false","false"
"a01ci00000Ux3IdAAJ","true","a02ci00000MobCdAAJ","01tIV00000GOfP1YAL","Redevance d'utilisation - Tranche 25 ETP - Cas 1","","Annual","In advance","1.0","500.0","500.0","Backlog","2026-01-01","2026-12-31","EUR","false","false"
"a01ci00000Ux3IeAAJ","true","a02ci00000MobCeAAJ","01tIV00000GyVCbYAN","Redevance d'utilisation - Tranche 25 ETP - Cas 2","","Annual","In advance","1.0","2000.0","2000.0","Backlog","2026-01-01","2026-12-31","EUR","false","false"
"a01ci00000Ux3IfAAJ","true","a02ci00000MobCfAAJ","01tIV00000GOfP1YAL","Redevance d'utilisation - Tranche 25 ETP - Cas 1","","Annual","In advance","1.0","4000.0","4000.0","Backlog","2026-01-01","2026-12-31","EUR","false","false"
"a01ci00000Ux3IgAAJ","true","a02ci00000MobCgAAJ","01tIV00000GOfP1YAL","Redevance d'utilisation - Tranche 25 ETP - Cas 1","","Annual","In advance","1.0","1000.0","1000.0","Backlog","2026-01-01","2026-12-31","EUR","false","false"
"a01ci00000Ux3IhAAJ","true","a02ci00000MobChAAJ","01tIV00000GOfP1YAL","Redevance d'utilisation - Tranche 25 ETP - Cas 1","","Annual","In advance","1.0","2000.0","2000.0","Backlog","2026-01-01","2026-12-31","EUR","false","false"
"a01ci00000Ux3IiAAJ","true","a02ci00000MobCiAAJ","01tIV00000GOfP6YAL","Redevance d'utilisation - ETP EU","","Annual","In advance","1.0","1080.0","1080.0","Backlog","2026-01-01","2026-12-31","EUR","false","false"
"a01ci00000Ux3IjAAJ","true","a02ci00000MobCjAAJ","01tIV00000GOfP1YAL","Redevance d'utilisation - Tranche 25 ETP - Cas 1","","Annual","In advance","1.0","2500.0","2500.0","Backlog","2026-01-01","2026-12-31","EUR","false","false"
"a01ci00000Ux3IkAAJ","true","a02ci00000MobCkAAJ","01tIV00000GOfP1YAL","Redevance d'utilisation - Tranche 25 ETP - Cas 1","","Annual","In advance","1.0","1000.0","1000.0","Backlog","2026-01-01","2026-12-31","EUR","false","false"
"a01ci00000Ux3IlAAJ","true","a02ci00000MobClAAJ","01tIV00000GOfP6YAL","Redevance d'utilisation - ETP EU","","Annual","In advance","1.0","1600.0","1600.0","Backlog","2026-01-01","2026-12-31","EUR","false","false"
"a01ci00000Ux3ImAAJ","true","a02ci00000MobCmAAJ","01tIV00000GOfP1YAL","Redevance d'utilisation - Tranche 25 ETP - Cas 1","","Annual","In advance","1.0","1000.0","1000.0","Backlog","2026-01-01","2026-12-31","EUR","false","false"
"a01ci00000Ux3InAAJ","true","a02ci00000MobCnAAJ","01tIV00000GOfP1YAL","Redevance d'utilisation - Tranche 25 ETP - Cas 1","","Annual","In advance","1.0","1000.0","1000.0","Backlog","2026-01-01","2026-12-31","EUR","false","false"
"a01ci00000Ux3IoAAJ","true","a02ci00000MobCnAAJ","01tIV00000GOfPFYA1","Maintenance SSO","","Annual","In advance","1.0","1000.0","1000.0","Backlog","2026-01-01","2026-12-31","EUR","false","false"
"a01ci00000Ux3IpAAJ","true","a02ci00000MobCoAAJ","01tIV00000GyVCbYAN","Redevance d'utilisation - Tranche 25 ETP - Cas 2","","Annual","In advance","1.0","2000.0","2000.0","Backlog","2026-01-01","2026-12-31","EUR","false","false"
"a01ci00000Ux3IqAAJ","true","a02ci00000MobCpAAJ","01tIV00000GyVCbYAN","Redevance d'utilisation - Tranche 25 ETP - Cas 2","","Annual","In advance","1.0","6000.0","6000.0","Backlog","2026-01-01","2026-12-31","EUR","false","false"
"a01ci00000Ux3IrAAJ","true","a02ci00000MobCqAAJ","01tIV00000GyVCbYAN","Redevance d'utilisation - Tranche 25 ETP - Cas 2","","Annual","In advance","1.0","3000.0","3000.0","Backlog","2026-01-01","2026-12-31","EUR","false","false"
"a01ci00000Ux3IsAAJ","true","a02ci00000MobCrAAJ","01tIV00000GOfP1YAL","Redevance d'utilisation - Tranche 25 ETP - Cas 1","","Annual","In advance","1.0","1000.0","1000.0","Backlog","2026-01-01","2026-12-31","EUR","false","false"
"a01ci00000Ux3ItAAJ","true","a02ci00000MobCsAAJ","01tIV00000GOfP6YAL","Redevance d'utilisation - ETP EU","","Annual","In advance","1.0","2232.0","2232.0","Backlog","2026-01-01","2026-12-31","EUR","false","false"
"a01ci00000Ux3IuAAJ","true","a02ci00000MobCsAAJ","01tIV00000GOfPFYA1","Maintenance SSO","","Annual","In advance","1.0","1000.0","1000.0","Backlog","2026-01-01","2026-12-31","EUR","false","false"
"a01ci00000Ux3IvAAJ","true","a02ci00000MobCtAAJ","01tIV00000GyVCbYAN","Redevance d'utilisation - Tranche 25 ETP - Cas 2","","Annual","In advance","1.0","1000.0","1000.0","Backlog","2026-01-01","2026-12-31","EUR","false","false"
"a01ci00000Ux3IwAAJ","true","a02ci00000MobCuAAJ","01tIV00000GOfP1YAL","Redevance d'utilisation - Tranche 25 ETP - Cas 1","","Annual","In advance","1.0","1000.0","1000.0","Backlog","2026-01-01","2026-12-31","EUR","false","false"
"a01ci00000Ux3IxAAJ","true","a02ci00000MobCvAAJ","01tIV00000GOfP1YAL","Redevance d'utilisation - Tranche 25 ETP - Cas 1","","Annual","In advance","1.0","1500.0","1500.0","Backlog","2026-01-01","2026-12-31","EUR","false","false"
"a01ci00000Ux3IyAAJ","true","a02ci00000MobCwAAJ","01tIV00000GOfP1YAL","Redevance d'utilisation - Tranche 25 ETP - Cas 1","","Annual","In advance","1.0","2000.0","2000.0","Backlog","2026-01-01","2026-12-31","EUR","false","false"
"a01ci00000Ux3IzAAJ","true","a02ci00000MobCxAAJ","01tIV00000GOfP1YAL","Redevance d'utilisation - Tranche 25 ETP - Cas 1","","Annual","In advance","1.0","500.0","500.0","Backlog","2026-01-01","2026-12-31","EUR","false","false"
"a01ci00000Ux3J0AAJ","true","a02ci00000MobCyAAJ","01tIV00000GOfP1YAL","Redevance d'utilisation - Tranche 25 ETP - Cas 1","","Annual","In advance","1.0","500.0","500.0","Backlog","2026-01-01","2026-12-31","EUR","false","false"
"a01ci00000Ux3J1AAJ","true","a02ci00000MobCzAAJ","01tIV00000GyVCbYAN","Redevance d'utilisation - Tranche 25 ETP - Cas 2","","Annual","In advance","1.0","1000.0","1000.0","Backlog","2026-01-01","2026-12-31","EUR","false","false"
"a01ci00000Ux3J2AAJ","true","a02ci00000MobD0AAJ","01tIV00000GOfP1YAL","Redevance d'utilisation - Tranche 25 ETP - Cas 1","","Annual","In advance","1.0","500.0","500.0","Backlog","2026-01-01","2026-12-31","EUR","false","false"
"a01ci00000Ux3J3AAJ","true","a02ci00000MobD1AAJ","01tIV00000GyVCbYAN","Redevance d'utilisation - Tranche 25 ETP - Cas 2","","Annual","In advance","1.0","1000.0","1000.0","Backlog","2026-01-01","2026-12-31","EUR","false","false"
"a01ci00000Ux3J4AAJ","true","a02ci00000MobD2AAJ","01tIV00000GOfP1YAL","Redevance d'utilisation - Tranche 25 ETP - Cas 1","","Annual","In advance","1.0","500.0","500.0","Backlog","2026-01-01","2026-12-31","EUR","false","false"
"a01ci00000Ux3J5AAJ","true","a02ci00000MobD3AAJ","01tIV00000GOfP1YAL","Redevance d'utilisation - Tranche 25 ETP - Cas 1","","Annual","In advance","1.0","500.0","500.0","Backlog","2026-01-01","2026-12-31","EUR","false","false"
"a01ci00000Ux3J6AAJ","true","a02ci00000MobD4AAJ","01tIV00000GyVCbYAN","Redevance d'utilisation - Tranche 25 ETP - Cas 2","","Annual","In advance","1.0","1000.0","1000.0","Backlog","2026-01-01","2026-12-31","EUR","false","false"
"a01ci00000Ux3J7AAJ","true","a02ci00000MobD5AAJ","01tIV00000GOfP1YAL","Redevance d'utilisation - Tranche 25 ETP - Cas 1","","Annual","In advance","1.0","1000.0","1000.0","Backlog","2026-01-01","2026-12-31","EUR","false","false"
"a01ci00000Ux3J8AAJ","true","a02ci00000MobD6AAJ","01tIV00000GOfP6YAL","Redevance d'utilisation - ETP EU","","Annual","In advance","1.0","10000.0","10000.0","Backlog","2026-01-01","2026-12-31","EUR","false","false"
"a01ci00000Ux3J9AAJ","true","a02ci00000MobD7AAJ","01tIV00000GOfP1YAL","Redevance d'utilisation - Tranche 25 ETP - Cas 1","","Annual","In advance","1.0","2500.0","2500.0","Backlog","2026-01-01","2026-12-31","EUR","false","false"
"a01ci00000Ux3JAAAZ","true","a02ci00000MobD8AAJ","01tIV00000GOfP1YAL","Redevance d'utilisation - Tranche 25 ETP - Cas 1","","Annual","In advance","1.0","500.0","500.0","Backlog","2026-01-01","2026-12-31","EUR","false","false"
"a01ci00000Ux3JBAAZ","true","a02ci00000MobD9AAJ","01tIV00000GOfP1YAL","Redevance d'utilisation - Tranche 25 ETP - Cas 1","","Annual","In advance","1.0","2500.0","2500.0","Backlog","2026-01-01","2026-12-31","EUR","false","false"
"a01ci00000Ux3JCAAZ","true","a02ci00000MobDAAAZ","01tIV00000GOfP1YAL","Redevance d'utilisation - Tranche 25 ETP - Cas 1","","Annual","In advance","1.0","500.0","500.0","Backlog","2026-01-01","2026-12-31","EUR","false","false"
"a01ci00000Ux3JDAAZ","true","a02ci00000MobDBAAZ","01tIV00000GOfP1YAL","Redevance d'utilisation - Tranche 25 ETP - Cas 1","","Annual","In advance","1.0","500.0","500.0","Backlog","2026-01-01","2026-12-31","EUR","false","false"
"a01ci00000Ux3JEAAZ","true","a02ci00000MobDCAAZ","01tIV00000GOfP1YAL","Redevance d'utilisation - Tranche 25 ETP - Cas 1","","Annual","In advance","1.0","1000.0","1000.0","Backlog","2026-01-01","2026-12-31","EUR","false","false"
"a01ci00000Ux3JFAAZ","true","a02ci00000MobDDAAZ","01tIV00000GyVCbYAN","Redevance d'utilisation - Tranche 25 ETP - Cas 2","","Annual","In advance","1.0","1000.0","1000.0","Backlog","2026-01-01","2026-12-31","EUR","false","false"
"a01ci00000Ux3JGAAZ","true","a02ci00000MobDEAAZ","01tIV00000GOfP6YAL","Redevance d'utilisation - ETP EU","","Annual","In advance","1.0","2232.0","2232.0","Backlog","2026-01-01","2026-12-31","EUR","false","false"
"a01ci00000Ux3JHAAZ","true","a02ci00000MobDFAAZ","01tIV00000GyVCbYAN","Redevance d'utilisation - Tranche 25 ETP - Cas 2","","Annual","In advance","1.0","7000.0","7000.0","Backlog","2026-01-01","2026-12-31","EUR","false","false"
"a01ci00000Ux3JIAAZ","true","a02ci00000MobDGAAZ","01tIV00000GOfP1YAL","Redevance d'utilisation - Tranche 25 ETP - Cas 1","","Annual","In advance","1.0","2500.0","2500.0","Backlog","2026-01-01","2026-12-31","EUR","false","false"
"a01ci00000Ux3JJAAZ","true","a02ci00000MobDGAAZ","01tIV00000GOfPAYA1","Licence BI - Consultation","","Annual","In advance","1.0","1800.0","1800.0","Backlog","2026-01-01","2026-12-31","EUR","false","false"
"a01ci00000Ux3JKAAZ","true","a02ci00000MobDGAAZ","01tIV00000GOfPFYA1","Maintenance SSO","","Annual","In advance","1.0","1000.0","1000.0","Backlog","2026-01-01","2026-12-31","EUR","false","false"
"a01ci00000Ux3JLAAZ","true","a02ci00000MobDHAAZ","01tIV00000GOfP1YAL","Redevance d'utilisation - Tranche 25 ETP - Cas 1","","Annual","In advance","1.0","2000.0","2000.0","Backlog","2026-01-01","2026-12-31","EUR","false","false"
"a01ci00000Ux3JMAAZ","true","a02ci00000MobDHAAZ","01tIV00000GOfPFYA1","Maintenance SSO","","Annual","In advance","1.0","1000.0","1000.0","Backlog","2026-01-01","2026-12-31","EUR","false","false"
"a01ci00000Ux3JNAAZ","true","a02ci00000MobDHAAZ","01tIV00000GOfPAYA1","Licence BI - Consultation","","Annual","In advance","1.0","1200.0","1200.0","Backlog","2026-01-01","2026-12-31","EUR","false","false"
"a01ci00000Ux3JOAAZ","true","a02ci00000MobDIAAZ","01tIV00000GOfP1YAL","Redevance d'utilisation - Tranche 25 ETP - Cas 1","","Annual","In advance","1.0","1500.0","1500.0","Backlog","2026-01-01","2026-12-31","EUR","false","false"
"a01ci00000Ux3JPAAZ","true","a02ci00000MobDJAAZ","01tIV00000GOfP6YAL","Redevance d'utilisation - ETP EU","","Annual","In advance","1.0","1200.0","1200.0","Backlog","2026-01-01","2026-12-31","EUR","false","false"
"a01ci00000Ux3JQAAZ","true","a02ci00000MobDKAAZ","01tIV00000GOfP6YAL","Redevance d'utilisation - ETP EU","","Annual","In advance","1.0","4120.0","4120.0","Backlog","2026-01-01","2026-12-31","EUR","false","false"
"a01ci00000Ux3JRAAZ","true","a02ci00000MobDLAAZ","01tIV00000GyVCbYAN","Redevance d'utilisation - Tranche 25 ETP - Cas 2","","Annual","In advance","1.0","1000.0","1000.0","Backlog","2026-01-01","2026-12-31","EUR","false","false"
"a01ci00000Ux3JSAAZ","true","a02ci00000MobDMAAZ","01tIV00000GOfP1YAL","Redevance d'utilisation - Tranche 25 ETP - Cas 1","","Annual","In advance","1.0","1000.0","1000.0","Backlog","2026-01-01","2026-12-31","EUR","false","false"
"a01ci00000Ux3JTAAZ","true","a02ci00000MobDNAAZ","01tIV00000GOfP1YAL","Redevance d'utilisation - Tranche 25 ETP - Cas 1","","Annual","In advance","1.0","500.0","500.0","Backlog","2026-01-01","2026-12-31","EUR","false","false"
"a01ci00000Ux3JUAAZ","true","a02ci00000MobDOAAZ","01tIV00000GOfP1YAL","Redevance d'utilisation - Tranche 25 ETP - Cas 1","","Annual","In advance","1.0","2000.0","2000.0","Backlog","2026-01-01","2026-12-31","EUR","false","false"
"a01ci00000Ux3JVAAZ","true","a02ci00000MobDPAAZ","01tIV00000GOfP1YAL","Redevance d'utilisation - Tranche 25 ETP - Cas 1","","Annual","In advance","1.0","3000.0","3000.0","Backlog","2026-01-01","2026-12-31","EUR","false","false"
"a01ci00000Ux3JWAAZ","true","a02ci00000MobDQAAZ","01tIV00000GOfP1YAL","Redevance d'utilisation - Tranche 25 ETP - Cas 1","","Annual","In advance","1.0","2500.0","2500.0","Backlog","2026-01-01","2026-12-31","EUR","false","false"
"a01ci00000Ux3JXAAZ","true","a02ci00000MobDRAAZ","01tIV00000GOfP1YAL","Redevance d'utilisation - Tranche 25 ETP - Cas 1","","Annual","In advance","1.0","1500.0","1500.0","Backlog","2026-01-01","2026-12-31","EUR","false","false"
"a01ci00000Ux3JYAAZ","true","a02ci00000MobDSAAZ","01tIV00000GOfP1YAL","Redevance d'utilisation - Tranche 25 ETP - Cas 1","","Annual","In advance","1.0","500.0","500.0","Backlog","2026-01-01","2026-12-31","EUR","false","false"
"a01ci00000Ux3JZAAZ","true","a02ci00000MobDTAAZ","01tIV00000GyVCbYAN","Redevance d'utilisation - Tranche 25 ETP - Cas 2","","Annual","In advance","1.0","1000.0","1000.0","Backlog","2026-01-01","2026-12-31","EUR","false","false"
"a01ci00000Ux3JaAAJ","true","a02ci00000MobDUAAZ","01tIV00000GOfP1YAL","Redevance d'utilisation - Tranche 25 ETP - Cas 1","","Biannual","In advance","1.0","3500.0","3500.0","Backlog","2026-01-01","2026-12-31","EUR","false","false"
"a01ci00000Ux3JbAAJ","true","a02ci00000MobDVAAZ","01tIV00000GOfP1YAL","Redevance d'utilisation - Tranche 25 ETP - Cas 1","","Annual","In advance","1.0","5500.0","5500.0","Backlog","2026-01-01","2026-12-31","EUR","false","false"
"a01ci00000Ux3JcAAJ","true","a02ci00000MobDWAAZ","01tIV00000GOfP1YAL","Redevance d'utilisation - Tranche 25 ETP - Cas 1","","Annual","In advance","1.0","1000.0","1000.0","Backlog","2026-01-01","2026-12-31","EUR","false","false"
"a01ci00000Ux3JdAAJ","true","a02ci00000MobDXAAZ","01tIV00000GOfP1YAL","Redevance d'utilisation - Tranche 25 ETP - Cas 1","","Annual","In advance","1.0","2500.0","2500.0","Backlog","2026-01-01","2026-12-31","EUR","false","false"
"a01ci00000Ux3JeAAJ","true","a02ci00000MobDYAAZ","01tIV00000GyVCbYAN","Redevance d'utilisation - Tranche 25 ETP - Cas 2","","Annual","In advance","1.0","1000.0","1000.0","Backlog","2026-01-01","2026-12-31","EUR","false","false"
"a01ci00000Ux3JfAAJ","true","a02ci00000MobDZAAZ","01tIV00000GOfP6YAL","Redevance d'utilisation - ETP EU","","Annual","In advance","1.0","4000.0","4000.0","Backlog","2026-01-01","2026-12-31","EUR","false","false"
"a01ci00000Ux3JgAAJ","true","a02ci00000MobDaAAJ","01tIV00000GyVCbYAN","Redevance d'utilisation - Tranche 25 ETP - Cas 2","","Annual","In advance","1.0","1000.0","1000.0","Backlog","2026-01-01","2026-12-31","EUR","false","false"
"a01ci00000Ux3JhAAJ","true","a02ci00000MobDbAAJ","01tIV00000GyVCbYAN","Redevance d'utilisation - Tranche 25 ETP - Cas 2","","Annual","In advance","1.0","2000.0","2000.0","Backlog","2026-01-01","2026-12-31","EUR","false","false"
"a01ci00000Ux3JiAAJ","true","a02ci00000MobDcAAJ","01tIV00000GyVCbYAN","Redevance d'utilisation - Tranche 25 ETP - Cas 2","","Annual","In advance","1.0","4000.0","4000.0","Backlog","2026-01-01","2026-12-31","EUR","false","false"
"a01ci00000Ux3JjAAJ","true","a02ci00000MobDdAAJ","01tIV00000GyVCbYAN","Redevance d'utilisation - Tranche 25 ETP - Cas 2","","Annual","In advance","1.0","1000.0","1000.0","Backlog","2026-01-01","2026-12-31","EUR","false","false"
"a01ci00000Ux3JkAAJ","true","a02ci00000MobDeAAJ","01tIV00000GOfP1YAL","Redevance d'utilisation - Tranche 25 ETP - Cas 1","","Annual","In advance","1.0","1000.0","1000.0","Backlog","2026-01-01","2026-12-31","EUR","false","false"
"a01ci00000Ux3JlAAJ","true","a02ci00000MobDfAAJ","01tIV00000GOfP1YAL","Redevance d'utilisation - Tranche 25 ETP - Cas 1","","Annual","In advance","1.0","1000.0","1000.0","Backlog","2026-01-01","2026-12-31","EUR","false","false"
"a01ci00000Ux3JmAAJ","true","a02ci00000MobDgAAJ","01tIV00000GOfP1YAL","Redevance d'utilisation - Tranche 25 ETP - Cas 1","","Annual","In advance","1.0","1000.0","1000.0","Backlog","2026-01-01","2026-12-31","EUR","false","false"
"a01ci00000Ux3JnAAJ","true","a02ci00000MobDhAAJ","01tIV00000GyVCbYAN","Redevance d'utilisation - Tranche 25 ETP - Cas 2","","Annual","In advance","1.0","1000.0","1000.0","Backlog","2026-01-01","2026-12-31","EUR","false","false"
"a01ci00000Ux3JoAAJ","true","a02ci00000MobDiAAJ","01tIV00000GOfP1YAL","Redevance d'utilisation - Tranche 25 ETP - Cas 1","","Annual","In advance","1.0","4000.0","4000.0","Backlog","2026-01-01","2026-12-31","EUR","false","false"
"a01ci00000Ux3JpAAJ","true","a02ci00000MobDjAAJ","01tIV00000GyVCbYAN","Redevance d'utilisation - Tranche 25 ETP - Cas 2","","Annual","In advance","1.0","1000.0","1000.0","Backlog","2026-01-01","2026-12-31","EUR","false","false"
"a01ci00000Ux3JqAAJ","true","a02ci00000MobDkAAJ","01tIV00000GOfP1YAL","Redevance d'utilisation - Tranche 25 ETP - Cas 1","","Annual","In advance","1.0","500.0","500.0","Backlog","2026-01-01","2026-12-31","EUR","false","false"
"a01ci00000Ux3JrAAJ","true","a02ci00000MobDlAAJ","01tIV00000GOfP1YAL","Redevance d'utilisation - Tranche 25 ETP - Cas 1","","Annual","In advance","1.0","3000.0","3000.0","Backlog","2026-01-01","2026-12-31","EUR","false","false"
"a01ci00000Ux3JsAAJ","true","a02ci00000MobDmAAJ","01tIV00000GyVCbYAN","Redevance d'utilisation - Tranche 25 ETP - Cas 2","","Annual","In advance","1.0","8000.0","8000.0","Backlog","2026-01-01","2026-12-31","EUR","false","false"
"a01ci00000Ux3JtAAJ","true","a02ci00000MobDnAAJ","01tIV00000GOfP1YAL","Redevance d'utilisation - Tranche 25 ETP - Cas 1","","Annual","In advance","1.0","500.0","500.0","Backlog","2026-01-01","2026-12-31","EUR","false","false"
"a01ci00000Ux3JuAAJ","true","a02ci00000MobDoAAJ","01tIV00000GyVCbYAN","Redevance d'utilisation - Tranche 25 ETP - Cas 2","","Annual","In advance","1.0","1000.0","1000.0","Backlog","2026-01-01","2026-12-31","EUR","false","false"
"a01ci00000Ux3JvAAJ","true","a02ci00000MobDpAAJ","01tIV00000GOfP1YAL","Redevance d'utilisation - Tranche 25 ETP - Cas 1","","Annual","In advance","1.0","2000.0","2000.0","Backlog","2026-01-01","2026-12-31","EUR","false","false"
"a01ci00000Ux3JwAAJ","true","a02ci00000MobDqAAJ","01tIV00000GOfP1YAL","Redevance d'utilisation - Tranche 25 ETP - Cas 1","","Annual","In advance","1.0","500.0","500.0","Backlog","2026-01-01","2026-12-31","EUR","false","false"
"a01ci00000Ux3JxAAJ","true","a02ci00000MobDrAAJ","01tIV00000GyVCbYAN","Redevance d'utilisation - Tranche 25 ETP - Cas 2","","Annual","In advance","1.0","1000.0","1000.0","Backlog","2026-01-01","2026-12-31","EUR","false","false"
"a01ci00000Ux3JyAAJ","true","a02ci00000MobDsAAJ","01tIV00000GOfP1YAL","Redevance d'utilisation - Tranche 25 ETP - Cas 1","","Annual","In advance","1.0","500.0","500.0","Backlog","2026-01-01","2026-12-31","EUR","false","false"
"a01ci00000Ux3JzAAJ","true","a02ci00000MobDtAAJ","01tIV00000GyVCbYAN","Redevance d'utilisation - Tranche 25 ETP - Cas 2","","Annual","In advance","1.0","1000.0","1000.0","Backlog","2026-01-01","2026-12-31","EUR","false","false"
"a01ci00000Ux3K0AAJ","true","a02ci00000MobDuAAJ","01tIV00000GyVCbYAN","Redevance d'utilisation - Tranche 25 ETP - Cas 2","","Annual","In advance","1.0","6000.0","6000.0","Backlog","2026-01-01","2026-12-31","EUR","false","false"
"a01ci00000Ux3K1AAJ","true","a02ci00000MobDvAAJ","01tIV00000GyVCbYAN","Redevance d'utilisation - Tranche 25 ETP - Cas 2","","Annual","In advance","1.0","1000.0","1000.0","Backlog","2026-01-01","2026-12-31","EUR","false","false"
"a01ci00000Ux3K2AAJ","true","a02ci00000MobDwAAJ","01tIV00000GyVCbYAN","Redevance d'utilisation - Tranche 25 ETP - Cas 2","","Annual","In advance","1.0","2000.0","2000.0","Backlog","2026-01-01","2026-12-31","EUR","false","false"
"a01ci00000Ux3K3AAJ","true","a02ci00000MobDxAAJ","01tIV00000GOfP1YAL","Redevance d'utilisation - Tranche 25 ETP - Cas 1","","Annual","In advance","1.0","4500.0","4500.0","Backlog","2026-01-01","2026-12-31","EUR","false","false"
"a01ci00000Ux3K4AAJ","true","a02ci00000MobDyAAJ","01tIV00000GOfP6YAL","Redevance d'utilisation - ETP EU","","Annual","In advance","1.0","2200.0","2200.0","Backlog","2026-01-01","2026-12-31","EUR","false","false"
"a01ci00000Ux3K5AAJ","true","a02ci00000MobDzAAJ","01tIV00000GOfP1YAL","Redevance d'utilisation - Tranche 25 ETP - Cas 1","","Annual","In advance","1.0","1500.0","1500.0","Backlog","2026-01-01","2026-12-31","EUR","false","false"
"a01ci00000Ux3K6AAJ","true","a02ci00000MobE0AAJ","01tIV00000GOfP1YAL","Redevance d'utilisation - Tranche 25 ETP - Cas 1","","Annual","In advance","1.0","500.0","500.0","Backlog","2026-01-01","2026-12-31","EUR","false","false"
"a01ci00000Ux3K7AAJ","true","a02ci00000MobE1AAJ","01tIV00000GOfP6YAL","Redevance d'utilisation - ETP EU","","Annual","In advance","1.0","1000.0","1000.0","Backlog","2026-01-01","2026-12-31","EUR","false","false"
"a01ci00000Ux3K8AAJ","true","a02ci00000MobE2AAJ","01tIV00000GOfP1YAL","Redevance d'utilisation - Tranche 25 ETP - Cas 1","","Annual","In advance","1.0","500.0","500.0","Backlog","2026-01-01","2026-12-31","EUR","false","false"
"a01ci00000Ux3K9AAJ","true","a02ci00000MobE3AAJ","01tIV00000GOfP1YAL","Redevance d'utilisation - Tranche 25 ETP - Cas 1","","Annual","In advance","1.0","500.0","500.0","Backlog","2026-01-01","2026-12-31","EUR","false","false"
"a01ci00000Ux3KAAAZ","true","a02ci00000MobE4AAJ","01tIV00000GOfP6YAL","Redevance d'utilisation - ETP EU","","Annual","In advance","1.0","4200.0","4200.0","Backlog","2026-01-01","2026-12-31","EUR","false","false"
"a01ci00000Ux3KBAAZ","true","a02ci00000MobE5AAJ","01tIV00000GOfP1YAL","Redevance d'utilisation - Tranche 25 ETP - Cas 1","","Annual","In advance","1.0","500.0","500.0","Backlog","2026-01-01","2026-12-31","EUR","false","false"
"a01ci00000Ux3KCAAZ","true","a02ci00000MobE6AAJ","01tIV00000GOfP1YAL","Redevance d'utilisation - Tranche 25 ETP - Cas 1","","Annual","In advance","1.0","1500.0","1500.0","Backlog","2026-01-01","2026-12-31","EUR","false","false"
"a01ci00000Ux3KDAAZ","true","a02ci00000MobE7AAJ","01tIV00000GOfP1YAL","Redevance d'utilisation - Tranche 25 ETP - Cas 1","","Annual","In advance","1.0","500.0","500.0","Backlog","2026-01-01","2026-12-31","EUR","false","false"
"a01ci00000Ux3KEAAZ","true","a02ci00000MobE8AAJ","01tIV00000GyVCbYAN","Redevance d'utilisation - Tranche 25 ETP - Cas 2","","Annual","In advance","1.0","1000.0","1000.0","Backlog","2026-01-01","2026-12-31","EUR","false","false"
"a01ci00000Ux3KFAAZ","true","a02ci00000MobE9AAJ","01tIV00000GOfP1YAL","Redevance d'utilisation - Tranche 25 ETP - Cas 1","","Annual","In advance","1.0","3500.0","3500.0","Backlog","2026-01-01","2026-12-31","EUR","false","false"
"a01ci00000Ux3KGAAZ","true","a02ci00000MobEAAAZ","01tIV00000GOfP1YAL","Redevance d'utilisation - Tranche 25 ETP - Cas 1","","Annual","In advance","1.0","1000.0","1000.0","Backlog","2026-01-01","2026-12-31","EUR","false","false"
"a01ci00000Ux3KHAAZ","true","a02ci00000MobEBAAZ","01tIV00000GOfP1YAL","Redevance d'utilisation - Tranche 25 ETP - Cas 1","","Annual","In advance","1.0","500.0","500.0","Backlog","2026-01-01","2026-12-31","EUR","false","false"
"a01ci00000Ux3KIAAZ","true","a02ci00000MobECAAZ","01tIV00000GOfP1YAL","Redevance d'utilisation - Tranche 25 ETP - Cas 1","","Annual","In advance","1.0","1500.0","1500.0","Backlog","2026-01-01","2026-12-31","EUR","false","false"
"a01ci00000Ux3KJAAZ","true","a02ci00000MobEDAAZ","01tIV00000GyVCbYAN","Redevance d'utilisation - Tranche 25 ETP - Cas 2","","Annual","In advance","1.0","6000.0","6000.0","Backlog","2026-01-01","2026-12-31","EUR","false","false"
"a01ci00000Ux3KKAAZ","true","a02ci00000MobEEAAZ","01tIV00000GyVCbYAN","Redevance d'utilisation - Tranche 25 ETP - Cas 2","","Annual","In advance","1.0","3000.0","3000.0","Backlog","2026-01-01","2026-12-31","EUR","false","false"
"a01ci00000Ux3KLAAZ","true","a02ci00000MobEFAAZ","01tIV00000GOfP1YAL","Redevance d'utilisation - Tranche 25 ETP - Cas 1","","Annual","In advance","1.0","500.0","500.0","Backlog","2026-01-01","2026-12-31","EUR","false","false"
"a01ci00000Ux3KMAAZ","true","a02ci00000MobEGAAZ","01tIV00000GyVCbYAN","Redevance d'utilisation - Tranche 25 ETP - Cas 2","","Annual","In advance","1.0","1000.0","1000.0","Backlog","2026-01-01","2026-12-31","EUR","false","false"
"a01ci00000Ux3KNAAZ","true","a02ci00000MobEHAAZ","01tIV00000GOfP1YAL","Redevance d'utilisation - Tranche 25 ETP - Cas 1","","Annual","In advance","1.0","1000.0","1000.0","Backlog","2026-01-01","2026-12-31","EUR","false","false"
"a01ci00000Ux3KOAAZ","true","a02ci00000MobEIAAZ","01tIV00000GOfP1YAL","Redevance d'utilisation - Tranche 25 ETP - Cas 1","","Annual","In advance","1.0","2000.0","2000.0","Backlog","2026-01-01","2026-12-31","EUR","false","false"
"a01ci00000Ux3KPAAZ","true","a02ci00000MobEJAAZ","01tIV00000GOfP1YAL","Redevance d'utilisation - Tranche 25 ETP - Cas 1","","Annual","In advance","1.0","1000.0","1000.0","Backlog","2026-01-01","2026-12-31","EUR","false","false"
"a01ci00000Ux3KQAAZ","true","a02ci00000MobEKAAZ","01tIV00000GOfP1YAL","Redevance d'utilisation - Tranche 25 ETP - Cas 1","","Annual","In advance","1.0","500.0","500.0","Backlog","2026-01-01","2026-12-31","EUR","false","false"
"a01ci00000Ux3KRAAZ","true","a02ci00000MobELAAZ","01tIV00000GOfP1YAL","Redevance d'utilisation - Tranche 25 ETP - Cas 1","","Annual","In advance","1.0","4000.0","4000.0","Backlog","2026-01-01","2026-12-31","EUR","false","false"
"a01ci00000Ux3KSAAZ","true","a02ci00000MobEMAAZ","01tIV00000GOfP1YAL","Redevance d'utilisation - Tranche 25 ETP - Cas 1","","Annual","In advance","1.0","7000.0","7000.0","Backlog","2026-01-01","2026-12-31","EUR","false","false"
"a01ci00000Ux3KTAAZ","true","a02ci00000MobENAAZ","01tIV00000GyVCbYAN","Redevance d'utilisation - Tranche 25 ETP - Cas 2","","Annual","In advance","1.0","3000.0","3000.0","Backlog","2026-01-01","2026-12-31","EUR","false","false"
